{
    "states" : ["S0", "S1", "S2", "S3", "S4"],
    "alphabets": ["a", "b", "c"],
    "start": "S0",
    "finals": ["S2"],
    "transitions": [
        ["S0", "a", "S1"],
        ["S0", "b", "S1"],
        ["S0", "a", "S3"],
        ["S0", "c", "S3"],
        ["S0", "b", "S4"],
        ["S0", "c", "S4"],
        ["S1", "a", "S1"],
        ["S1", "b", "S1"],
        ["S1", "c", "S2"],
        ["S3", "a", "S3"],
        ["S3", "c", "S3"],
        ["S3", "b", "S2"],
        ["S4", "a", "S2"],
        ["S4", "b", "S4"],
        ["S4", "c", "S4"]
    ]
}